variant,type,runs,mean_seconds,stddev_seconds,min_seconds,max_seconds
auto_float,float,5,0.5089450176,0.0014778427617836336,0.507906364,0.511270342
baseline_double,double,5,2.6908325424,0.008254899191477167,2.682271472,2.702852283
baseline_float,float,5,2.6846138538,0.003729034737487084,2.682570644,2.691267759
omp_simd_double,double,5,1.7933082790000001,0.008478747508727359,1.783826123,1.804040612
omp_simd_float,float,5,0.5092446535999999,0.0011693990428313138,0.508042858,0.510921637
